Pos,count,dust_20,just_tandems,ncbi,self_blast,repeat_families,e4_k50,marin_RLC,repeat_regions,tb-exclude,mhall,ppe_pe,masquerade_std_tb,closest_mask
1094020,378,46,133698,2025164,0,0,0,0,64661,0,0,0,0,0
1094010,377,36,133688,2025174,0,0,0,0,64651,0,0,0,0,0
1094021,376,47,133699,2025163,0,0,0,0,64662,0,0,0,0,0
1093993,375,19,133671,2025191,0,0,0,0,64634,0,0,0,0,0
1094022,375,48,133700,2025162,0,0,0,0,64663,0,0,0,0,0
1094028,373,54,133706,2025156,0,0,0,0,64669,0,0,0,0,0
1094013,372,39,133691,2025171,0,0,0,0,64654,0,0,0,0,0
1094033,371,59,133711,2025151,0,0,0,0,64674,0,0,0,0,0
1094031,371,57,133709,2025153,0,0,0,0,64672,0,0,0,0,0
1094057,371,83,133735,2025127,0,0,0,0,64698,0,0,0,0,0
1094038,369,64,133716,2025146,0,0,0,0,64679,0,0,0,0,0
1093992,368,18,133670,2025192,0,0,0,0,64633,0,0,0,0,0
1094012,367,38,133690,2025172,0,0,0,0,64653,0,0,0,0,0
1093982,363,8,133660,2025202,0,0,0,0,64623,0,0,0,0,0
1093986,362,12,133664,2025198,0,0,0,0,64627,0,0,0,0,0
1094051,362,77,133729,2025133,0,0,0,0,64692,0,0,0,0,0
1094011,359,37,133689,2025173,0,0,0,0,64652,0,0,0,0,0
1094048,358,74,133726,2025136,0,0,0,0,64689,0,0,0,0,0
1094040,355,66,133718,2025144,0,0,0,0,64681,0,0,0,0,0
1094061,348,87,133739,2025123,0,0,0,0,64702,0,0,0,0,0
1094050,344,76,133728,2025134,0,0,0,0,64691,0,0,0,0,0
1094053,343,79,133731,2025131,0,0,0,0,64694,0,0,0,0,0
1093950,334,0,133628,2025234,0,0,0,0,64591,0,0,0,0,0
1094035,312,61,133713,2025149,0,0,0,0,64676,0,0,0,0,0
1093980,298,6,133658,2025204,0,0,0,0,64621,0,0,0,0,0
336686,298,23,87325,2782498,26586,0,2,0,63732,0,0,0,0,0
336691,298,19,87320,2782493,26591,0,7,0,63737,0,0,0,0,0
1093953,293,0,133631,2025231,0,0,0,0,64594,0,0,0,0,0
1094034,284,60,133712,2025150,0,0,0,0,64675,0,0,0,0,0
1637153,256,14,7095,1482031,0,0,0,0,0,0,0,0,0,0
3481992,255,18414,112294,358417,0,14904,0,0,580,0,0,8483,0,0
336687,250,23,87324,2782497,26587,0,3,0,63733,0,0,0,0,0
1637132,249,0,7116,1482052,0,0,0,0,0,0,0,0,0,0
1637131,247,0,7117,1482053,1,0,0,0,1,1,1,0,0,0
336685,246,22,87326,2782499,26585,0,1,0,63731,0,0,0,0,0
1637123,243,0,7125,1482061,9,0,3,0,9,9,9,0,0,0
1637149,242,10,7099,1482035,0,0,0,0,0,0,0,0,0,0
1637141,238,2,7107,1482043,0,0,0,0,0,0,0,0,0,0
1637173,230,0,7075,1482011,0,0,0,0,0,0,0,0,0,0
1637143,226,4,7105,1482041,0,0,0,0,0,0,0,0,0,0
1637146,223,7,7102,1482038,0,0,0,0,0,0,0,0,0,0
1637151,207,12,7097,1482033,0,0,0,0,0,0,0,0,0,0
1637145,204,6,7103,1482039,0,0,0,0,0,0,0,0,0,0
1637142,195,3,7106,1482042,0,0,0,0,0,0,0,0,0,0
336688,195,22,87323,2782496,26588,0,4,0,63734,0,0,0,0,0
1637162,188,11,7086,1482022,0,0,0,0,0,0,0,0,0,0
3935415,180,9,0,811840,0,0,0,0,9682,0,0,0,0,0
336689,177,21,87322,2782495,26589,0,5,0,63735,0,0,0,0,0
1637110,170,0,7138,1482074,22,0,16,0,22,22,22,0,0,0
3935436,169,0,0,811861,0,0,0,0,9661,0,0,0,0,0
3935429,168,0,0,811854,0,0,0,0,9668,0,0,0,0,0
3935414,166,10,0,811839,0,0,0,0,9683,0,0,0,0,0
3935447,164,0,0,811872,0,0,0,0,9650,0,0,0,0,0
1637105,158,0,7143,1482079,27,0,21,0,27,27,27,0,0,0
3935446,152,0,0,811871,0,0,0,0,9651,0,0,0,0,0
1634539,144,302,9709,1484645,0,0,0,0,0,0,0,0,0,0
1634538,144,301,9710,1484646,0,0,0,0,0,0,0,0,0,0
1634537,141,300,9711,1484647,0,0,0,0,0,0,0,0,0,0
3120538,140,8256,35344,71,0,40088,0,0,0,0,0,40082,0,0
3946812,137,2,10461,823237,0,0,0,0,1216,0,0,0,0,0
103750,136,3,320261,3015434,0,1706,0,0,0,2,0,1573,0,0
3120536,135,8254,35346,69,0,40086,0,0,0,0,0,40080,0,0
3120537,135,8255,35345,70,0,40087,0,0,0,0,0,40081,0,0
3120553,134,8271,35329,86,0,40103,0,0,0,0,0,40097,0,0
2636877,133,2153,1328,482307,0,836,0,0,26,0,0,1286,0,0
2636853,132,2177,1304,482331,0,860,0,0,50,0,0,1262,0,0
3120555,131,8273,35327,88,0,40105,0,0,0,0,0,40099,0,0
3946797,128,0,10446,823222,0,0,0,0,1201,0,0,0,0,0
2636872,127,2158,1323,482312,0,841,0,0,31,0,0,1281,0,0
3935458,127,0,0,811883,0,0,0,0,9639,0,0,0,0,0
1637177,126,0,7071,1482007,0,0,0,0,0,0,0,0,0,0
3121425,126,9143,34457,512,0,40831,0,0,0,0,0,40842,0,0
3121397,125,9115,34485,540,0,40859,0,0,0,0,0,40870,0,0
1093927,124,0,133605,2025257,0,0,0,0,64568,0,0,0,0,0
336692,121,18,87319,2782492,26592,0,8,0,63738,0,0,0,0,0
2636838,120,2192,1289,482346,0,875,0,0,65,0,0,1247,0,0
3121391,120,9109,34491,546,0,40865,0,0,0,0,0,40876,0,0
3120560,120,8278,35322,93,0,40110,0,0,0,0,0,40104,0,0
1637104,119,0,7144,1482080,28,0,22,0,28,28,28,0,0,0
2636824,117,2206,1275,482360,0,889,0,0,79,0,0,1233,0,0
3120914,117,8632,34968,447,0,40464,0,0,0,0,0,40458,0,0
3121440,117,9158,34442,497,0,40816,0,0,0,0,0,40827,0,0
2635634,115,1693,85,483550,0,53,0,0,31,0,0,43,0,0
3121411,115,9129,34471,526,0,40845,0,0,0,0,0,40856,0,0
3946811,115,1,10460,823236,0,0,0,0,1215,0,0,0,0,0
3120139,114,7857,35743,0,381,39689,374,0,0,0,0,39683,0,0
2635624,114,1683,75,483560,0,43,0,0,21,0,0,33,0,0
2635871,114,1930,322,483313,0,290,0,0,268,0,0,280,0,0
3120978,113,8696,34904,511,0,40528,0,0,0,0,0,40522,0,0
2635600,113,1659,51,483584,0,19,0,0,0,0,0,9,0,0
3946823,113,13,10472,823248,0,0,0,0,1227,0,0,0,0,0
2635642,113,1701,93,483542,0,61,0,0,39,0,0,51,0,0
3121235,113,8953,34647,702,0,40785,0,0,0,0,0,40779,0,0
2829260,113,6616,161324,289924,0,6510,0,0,22636,0,0,6524,0,0
3946794,113,0,10443,823219,0,0,0,0,1198,0,0,0,0,0
2635626,112,1685,77,483558,0,45,0,0,23,0,0,35,0,0
2635803,112,1862,254,483381,0,222,0,0,200,0,0,212,0,0
3120635,112,8353,35247,168,0,40185,0,0,0,0,0,40179,0,0
2636886,110,2144,1337,482298,0,827,0,0,17,0,0,1295,0,0
1094002,110,28,133680,2025182,0,0,0,0,64643,0,0,0,0,0
2636791,110,2239,1242,482393,0,922,0,0,112,0,0,1200,0,0
3946836,109,26,10485,823261,0,0,0,0,1240,0,0,0,0,0
2635616,109,1675,67,483568,0,35,0,0,13,0,0,25,0,0
4359164,109,0,5755,1235589,5721,7624,5728,30,5733,5721,5721,6984,0,0
2635798,108,1857,249,483386,0,217,0,0,195,0,0,207,0,0
3946817,108,7,10466,823242,0,0,0,0,1221,0,0,0,0,0
2635633,107,1692,84,483551,0,52,0,0,30,0,0,42,0,0
2635581,107,1640,32,483603,0,0,0,0,0,0,0,0,0,0
2635692,106,1751,143,483492,0,111,0,0,89,0,0,101,0,0
2635835,106,1894,286,483349,0,254,0,0,232,0,0,244,0,0
2636856,104,2174,1307,482328,0,857,0,0,47,0,0,1265,0,0
3946842,104,32,10491,823267,0,0,0,0,1246,0,0,0,0,0
3946845,104,35,10494,823270,0,0,0,0,1249,0,0,0,0,0
1093969,102,0,133647,2025215,0,0,0,0,64610,0,0,0,0,0
2636850,102,2180,1301,482334,0,863,0,0,53,0,0,1259,0,0
3120990,101,8708,34892,523,0,40540,0,0,0,0,0,40534,0,0
3946816,101,6,10465,823241,0,0,0,0,1220,0,0,0,0,0
3946831,100,21,10480,823256,0,0,0,0,1235,0,0,0,0,0
2635816,100,1875,267,483368,0,235,0,0,213,0,0,225,0,0
103748,100,5,320263,3015436,0,1708,0,1,0,4,0,1575,0,0
3481959,100,18381,112327,358384,0,14871,0,0,547,0,0,8516,0,0
103746,100,7,320265,3015438,0,1710,0,3,0,6,0,1577,0,0
3120929,99,8647,34953,462,0,40479,0,0,0,0,0,40473,0,0
2635652,99,1711,103,483532,0,71,0,0,49,0,0,61,0,0
3121181,98,8899,34701,714,0,40731,0,0,0,0,0,40725,0,0
3121377,98,9095,34505,560,0,40879,0,0,0,0,0,40890,0,0
3946851,97,41,10500,823276,0,0,0,0,1255,0,0,0,0,0
3121227,96,8945,34655,710,0,40777,0,0,0,0,0,40771,0,0
2636857,95,2173,1308,482327,0,856,0,0,46,0,0,1266,0,0
3120677,94,8395,35205,210,0,40227,0,0,0,0,0,40221,0,0
3121431,94,9149,34451,506,0,40825,0,0,0,0,0,40836,0,0
3121376,93,9094,34506,561,0,40880,0,0,0,0,0,40891,0,0
2636870,93,2160,1321,482314,0,843,0,0,33,0,0,1279,0,0
3946849,92,39,10498,823274,0,0,0,0,1253,0,0,0,0,0
2635836,91,1895,287,483348,0,255,0,0,233,0,0,245,0,0
2635650,91,1709,101,483534,0,69,0,0,47,0,0,59,0,0
3946824,91,14,10473,823249,0,0,0,0,1228,0,0,0,0,0
3121207,89,8925,34675,730,0,40757,0,0,0,0,0,40751,0,0
2636769,88,2261,1220,482415,0,944,0,0,134,0,0,1178,0,0
2636300,87,2359,751,482884,0,719,0,0,603,0,0,709,0,0
3120572,87,8290,35310,105,0,40122,0,0,0,0,0,40116,0,0
3120692,87,8410,35190,225,0,40242,0,0,0,0,0,40236,0,0
3120597,84,8315,35285,130,0,40147,0,0,0,0,0,40141,0,0
1637171,82,2,7077,1482013,0,0,0,0,0,0,0,0,0,0
2636242,82,2301,693,482942,0,661,0,0,639,0,0,651,0,0
2635794,81,1853,245,483390,0,213,0,0,191,0,0,203,0,0
3120622,80,8340,35260,155,0,40172,0,0,0,0,0,40166,0,0
3120690,79,8408,35192,223,0,40240,0,0,0,0,0,40234,0,0
3120650,79,8368,35232,183,0,40200,0,0,0,0,0,40194,0,0
3120591,79,8309,35291,124,0,40141,0,0,0,0,0,40135,0,0
2635822,78,1881,273,483362,0,241,0,0,219,0,0,231,0,0
3120625,78,8343,35257,158,0,40175,0,0,0,0,0,40169,0,0
2636784,78,2246,1235,482400,0,929,0,0,119,0,0,1193,0,0
2636819,78,2211,1270,482365,0,894,0,0,84,0,0,1228,0,0
3946857,77,47,10506,823282,0,0,0,0,1261,0,0,0,0,0
3120559,77,8277,35323,92,0,40109,0,0,0,0,0,40103,0,0
1637172,77,1,7076,1482012,0,0,0,0,0,0,0,0,0,0
3120659,77,8377,35223,192,0,40209,0,0,0,0,0,40203,0,0
2635800,76,1859,251,483384,0,219,0,0,197,0,0,209,0,0
3946830,76,20,10479,823255,0,0,0,0,1234,0,0,0,0,0
1093906,76,0,133584,2025278,0,0,0,0,64547,0,0,0,0,0
3946825,76,15,10474,823250,0,0,0,0,1229,0,0,0,0,0
3121759,75,9477,34123,178,0,40497,0,0,0,0,0,40508,0,0
3946858,74,48,10507,823283,0,0,0,0,1262,0,0,0,0,0
3120655,74,8373,35227,188,0,40205,0,0,0,0,0,40199,0,0
3121540,74,9258,34342,397,0,40716,0,0,0,0,0,40727,0,0
2636665,74,2365,1116,482519,0,1048,0,0,238,0,0,1074,0,0
3121707,73,9425,34175,230,0,40549,0,0,0,0,0,40560,0,0
1096238,73,169,135916,2022946,0,0,0,0,66879,0,0,0,0,0
3121370,73,9088,34512,567,0,40886,0,0,0,0,0,40897,0,0
3121696,72,9414,34186,241,0,40560,0,0,0,0,0,40571,0,0
3121522,72,9240,34360,415,0,40734,0,0,0,0,0,40745,0,0
2636815,72,2215,1266,482369,0,898,0,0,88,0,0,1224,0,0
3121785,71,9503,34097,152,0,40471,0,0,0,0,0,40482,0,0
3121021,71,8739,34861,554,0,40571,0,0,0,0,0,40565,0,0
1983160,71,952,0,1136024,0,286,0,0,0,0,0,0,0,0
3121802,70,9520,34080,135,0,40454,0,0,0,0,0,40465,0,0
3121204,70,8922,34678,733,0,40754,0,0,0,0,0,40748,0,0
3121640,69,9358,34242,297,0,40616,0,0,0,0,0,40627,0,0
2635586,69,1645,37,483598,0,5,0,0,0,0,0,0,0,0
3120895,69,8613,34987,428,0,40445,0,0,0,0,0,40439,0,0
2635660,69,1719,111,483524,0,79,0,0,57,0,0,69,0,0
3122946,69,10664,32936,0,1065,39310,93,2,0,0,0,39321,0,0
2635792,69,1851,243,483392,0,211,0,0,189,0,0,201,0,0
2636808,68,2222,1259,482376,0,905,0,0,95,0,0,1217,0,0
2636874,66,2156,1325,482310,0,839,0,0,29,0,0,1283,0,0
3121633,66,9351,34249,304,0,40623,0,0,0,0,0,40634,0,0
1637196,65,0,7052,1481988,0,0,0,0,0,0,0,0,0,0
3949291,64,0,12940,825716,0,0,0,0,1538,0,0,0,0,0
3120573,63,8291,35309,106,0,40123,0,0,0,0,0,40117,0,0
3121031,63,8749,34851,564,0,40581,0,0,0,0,0,40575,0,0
3121217,63,8935,34665,720,0,40767,0,0,0,0,0,40761,0,0
3946827,63,17,10476,823252,0,0,0,0,1231,0,0,0,0,0
3120887,63,8605,34995,420,0,40437,0,0,0,0,0,40431,0,0
2636818,62,2212,1269,482366,0,895,0,0,85,0,0,1227,0,0
2636817,62,2213,1268,482367,0,896,0,0,86,0,0,1226,0,0
3121442,62,9160,34440,495,0,40814,0,0,0,0,0,40825,0,0
2635681,62,1740,132,483503,0,100,0,0,78,0,0,90,0,0
3121199,62,8917,34683,732,0,40749,0,0,0,0,0,40743,0,0
3120649,62,8367,35233,182,0,40199,0,0,0,0,0,40193,0,0
2636014,61,2073,465,483170,0,433,0,0,411,0,0,423,0,0
3946859,61,49,10508,823284,0,0,0,0,1263,0,0,0,0,0
3121220,59,8938,34662,717,0,40770,0,0,0,0,0,40764,0,0
2635772,58,1831,223,483412,0,191,0,0,169,0,0,181,0,0
3949299,58,0,12948,825724,0,0,0,0,1530,0,0,0,0,0
3946826,58,16,10475,823251,0,0,0,0,1230,0,0,0,0,0
1637206,57,0,7042,1481978,0,0,0,0,0,0,0,0,0,0
3121684,56,9402,34198,253,0,40572,0,0,0,0,0,40583,0,0
3121548,56,9266,34334,389,0,40708,0,0,0,0,0,40719,0,0
3120884,56,8602,34998,417,0,40434,0,0,0,0,0,40428,0,0
2635845,56,1904,296,483339,0,264,0,0,242,0,0,254,0,0
1637205,55,0,7043,1481979,0,0,0,0,0,0,0,0,0,0
2635868,55,1927,319,483316,0,287,0,0,265,0,0,277,0,0
3121634,54,9352,34248,303,0,40622,0,0,0,0,0,40633,0,0
2635702,54,1761,153,483482,0,121,0,0,99,0,0,111,0,0
3121446,54,9164,34436,491,0,40810,0,0,0,0,0,40821,0,0
3121726,54,9444,34156,211,0,40530,0,0,0,0,0,40541,0,0
2635576,54,1635,27,483608,0,0,0,0,0,0,0,0,0,0
3949300,54,0,12949,825725,0,0,0,0,1529,0,0,0,0,0
3946869,53,49,10518,823294,0,0,0,0,1273,0,0,0,0,0
3936241,53,0,0,812666,0,0,0,0,8856,0,0,0,0,0
1983156,53,948,0,1136028,0,290,0,0,0,0,0,0,0,0
2636790,52,2240,1241,482394,0,923,0,0,113,0,0,1199,0,0
1096234,52,165,135912,2022950,0,0,0,0,66875,0,0,0,0,0
3943174,52,0,6823,819599,1210,0,0,0,1923,348,0,637,0,0
3936247,52,0,0,812672,0,0,0,0,8850,0,0,0,0,0
3936250,51,0,0,812675,0,0,0,0,8847,0,0,0,0,0
3121727,51,9445,34155,210,0,40529,0,0,0,0,0,40540,0,0
3121145,51,8863,34737,678,0,40695,0,0,0,0,0,40689,0,0
3936232,51,0,0,812657,0,0,0,0,8865,0,0,0,0,0
3949285,51,0,12934,825710,0,0,0,0,1544,0,0,0,0,0
3936246,51,0,0,812671,0,0,0,0,8851,0,0,0,0,0
1637209,50,0,7039,1481975,0,0,0,0,0,0,0,0,0,0
2635759,49,1818,210,483425,0,178,0,0,156,0,0,168,0,0
3949268,49,0,12917,825693,0,0,0,0,1561,0,0,0,0,0
3946644,49,0,10293,823069,0,0,0,0,1048,0,0,0,0,0
3936303,49,6,0,812728,0,0,0,0,8794,0,0,0,0,0
3936307,49,2,0,812732,0,0,0,0,8790,0,0,0,0,0
1169964,49,1586,93129,1949220,0,7499,0,0,4416,0,0,6589,0,0
3936255,48,0,0,812680,0,0,0,0,8842,0,0,0,0,0
3120910,48,8628,34972,443,0,40460,0,0,0,0,0,40454,0,0
3936254,48,0,0,812679,0,0,0,0,8843,0,0,0,0,0
3121691,48,9409,34191,246,0,40565,0,0,0,0,0,40576,0,0
3936215,47,4,0,812640,0,0,0,0,8882,0,0,0,0,0
2636742,47,2288,1193,482442,0,971,0,0,161,0,0,1151,0,0
2636724,47,2306,1175,482460,0,989,0,0,179,0,0,1133,0,0
3936219,47,0,0,812644,0,0,0,0,8878,0,0,0,0,0
3120629,47,8347,35253,162,0,40179,0,0,0,0,0,40173,0,0
2636211,47,2270,662,482973,0,630,0,0,608,0,0,620,0,0
3121675,46,9393,34207,262,0,40581,0,0,0,0,0,40592,0,0
103743,46,10,320268,3015441,0,1713,0,6,0,9,0,1580,0,0
2636013,46,2072,464,483171,0,432,0,0,410,0,0,422,0,0
3121039,46,8757,34843,572,0,40589,0,0,0,0,0,40583,0,0
3936265,46,0,0,812690,0,0,0,0,8832,0,0,0,0,0
3121796,46,9514,34086,141,0,40460,0,0,0,0,0,40471,0,0
3936174,46,0,0,812599,0,0,0,0,8923,0,0,0,0,0
1634053,45,0,10195,1485131,0,0,0,0,0,0,0,0,0,0
3121752,45,9470,34130,185,0,40504,0,0,0,0,0,40515,0,0
3936178,45,0,0,812603,0,0,0,0,8919,0,0,0,0,0
2636337,45,2396,788,482847,0,756,0,0,566,0,0,746,0,0
3121776,45,9494,34106,161,0,40480,0,0,0,0,0,40491,0,0
3936256,45,0,0,812681,0,0,0,0,8841,0,0,0,0,0
3936309,45,0,0,812734,0,0,0,0,8788,0,0,0,0,0
3946249,44,0,9898,822674,0,0,0,0,653,0,0,0,0,0
3949301,43,0,12950,825726,0,0,0,0,1528,0,0,0,0,0
3936315,43,0,0,812740,0,0,0,0,8782,0,0,0,0,0
3936211,42,6,0,812636,0,0,0,0,8886,0,0,0,0,0
3936217,42,2,0,812642,0,0,0,0,8880,0,0,0,0,0
3936191,42,0,0,812616,0,0,0,0,8906,0,0,0,0,0
3121478,42,9196,34404,459,0,40778,0,0,0,0,0,40789,0,0
3936310,42,0,0,812735,0,0,0,0,8787,0,0,0,0,0
3936181,42,0,0,812606,0,0,0,0,8916,0,0,0,0,0
2635758,42,1817,209,483426,0,177,0,0,155,0,0,167,0,0
2636235,42,2294,686,482949,0,654,0,0,632,0,0,644,0,0
3121791,42,9509,34091,146,0,40465,0,0,0,0,0,40476,0,0
3936253,42,0,0,812678,0,0,0,0,8844,0,0,0,0,0
3936220,42,0,0,812645,0,0,0,0,8877,0,0,0,0,0
2636123,42,2182,574,483061,0,542,0,0,520,0,0,532,0,0
2635781,42,1840,232,483403,0,200,0,0,178,0,0,190,0,0
55552,42,0,368459,3063632,24632,24757,23946,0,23954,24632,24632,49771,0,0
1342062,41,8396,36409,1777122,0,2246,0,0,36402,0,0,1539,0,0
1637227,41,0,7021,1481957,0,0,0,0,0,0,0,0,0,0
208320,40,313,215691,2910864,31146,17880,6308,1802,1414,1414,1414,17882,313,313
2635684,40,1743,135,483500,0,103,0,0,81,0,0,93,0,0
208319,40,312,215692,2910865,31145,17879,6307,1801,1413,1413,1413,17881,312,312
208318,40,311,215693,2910866,31144,17878,6306,1800,1412,1412,1412,17880,311,311
1276859,40,6606,13684,1842325,0,0,14,0,0,5037,0,12732,0,0
3121789,40,9507,34093,148,0,40467,0,0,0,0,0,40478,0,0
2636018,40,2077,469,483166,0,437,0,0,415,0,0,427,0,0
2636313,40,2372,764,482871,0,732,0,0,590,0,0,722,0,0
3121469,40,9187,34413,468,0,40787,0,0,0,0,0,40798,0,0
3936321,39,0,0,812746,0,0,0,0,8776,0,0,0,0,0
3121673,39,9391,34209,264,0,40583,0,0,0,0,0,40594,0,0
2636813,39,2217,1264,482371,0,900,0,0,90,0,0,1222,0,0
2636629,39,2401,1080,482555,0,1048,0,0,274,0,0,1038,0,0
3936190,39,0,0,812615,0,0,0,0,8907,0,0,0,0,0
1637203,39,0,7045,1481981,0,0,0,0,0,0,0,0,0,0
1276863,39,6602,13688,1842321,0,0,10,0,0,5033,0,12736,0,0
1276860,38,6605,13685,1842324,0,0,13,0,0,5036,0,12733,0,0
2636630,38,2400,1081,482554,0,1049,0,0,273,0,0,1039,0,0
3936172,38,0,0,812597,0,0,0,0,8925,0,0,0,0,0
3120998,37,8716,34884,531,0,40548,0,0,0,0,0,40542,0,0
2636635,37,2395,1086,482549,0,1054,0,0,268,0,0,1044,0,0
2636899,37,2131,1350,482285,0,814,0,0,4,0,0,1308,0,0
3936165,37,0,0,812590,0,0,0,0,8932,0,0,0,0,0
2636714,37,2316,1165,482470,0,999,0,0,189,0,0,1123,0,0
2635776,36,1835,227,483408,0,195,0,0,173,0,0,185,0,0
2635680,36,1739,131,483504,0,99,0,0,77,0,0,89,0,0
208317,36,310,215694,2910867,31143,17877,6305,1799,1411,1411,1411,17879,310,310
1637213,36,0,7035,1481971,0,0,0,0,0,0,0,0,0,0
3121085,35,8803,34797,618,0,40635,0,0,0,0,0,40629,0,0
3121730,35,9448,34152,207,0,40526,0,0,0,0,0,40537,0,0
2636170,35,2229,621,483014,0,589,0,0,567,0,0,579,0,0
2636316,35,2375,767,482868,0,735,0,0,587,0,0,725,0,0
3121198,35,8916,34684,731,0,40748,0,0,0,0,0,40742,0,0
1096045,35,0,135723,2023139,0,0,0,0,66686,0,0,0,0,0
3936183,35,0,0,812608,0,0,0,0,8914,0,0,0,0,0
3936213,35,6,0,812638,0,0,0,0,8884,0,0,0,0,0
3119993,34,7711,35889,0,527,39543,520,0,0,0,0,39537,0,0
2636725,34,2305,1176,482459,0,988,0,0,178,0,0,1134,0,0
3936175,34,0,0,812600,0,0,0,0,8922,0,0,0,0,0
3949326,34,3,12975,825751,0,0,0,0,1503,0,0,0,0,0
2635669,33,1728,120,483515,0,88,0,0,66,0,0,78,0,0
3121799,33,9517,34083,138,0,40457,0,0,0,0,0,40468,0,0
2635767,32,1826,218,483417,0,186,0,0,164,0,0,176,0,0
3121153,32,8871,34729,686,0,40703,0,0,0,0,0,40697,0,0
3121706,32,9424,34176,231,0,40550,0,0,0,0,0,40561,0,0
2636100,32,2159,551,483084,0,519,0,0,497,0,0,509,0,0
1637197,32,0,7051,1481987,0,0,0,0,0,0,0,0,0,0
3122908,32,10626,32974,0,1027,39348,55,0,0,0,0,39359,0,0
2635657,31,1716,108,483527,0,76,0,0,54,0,0,66,0,0
3946878,31,40,10527,823303,0,0,0,0,1282,0,0,0,0,0
2636717,31,2313,1168,482467,0,996,0,0,186,0,0,1126,0,0
3336645,31,28209,0,213070,0,130148,0,0,854,0,0,40293,0,0
3936337,31,0,0,812762,0,0,0,0,8760,0,0,0,0,0
3120566,31,8284,35316,99,0,40116,0,0,0,0,0,40110,0,0
2636648,31,2382,1099,482536,0,1065,0,0,255,0,0,1057,0,0
4253575,31,2277,96609,1130000,0,22996,0,0,95145,426,0,22995,0,0
4253578,31,2280,96612,1130003,0,22993,0,0,95142,423,0,22992,0,0
3936173,31,0,0,812598,0,0,0,0,8924,0,0,0,0,0
1637191,31,0,7057,1481993,0,0,0,0,0,0,0,0,0,0
3936147,31,0,0,812572,0,0,0,0,8950,0,0,0,0,0
3949290,31,0,12939,825715,0,0,0,0,1539,0,0,0,0,0
1637195,31,0,7053,1481989,0,0,0,0,0,0,0,0,0,0
3382079,30,1154,30866,258504,0,84714,0,0,580,0,0,1087,0,0
3936154,30,0,0,812579,0,0,0,0,8943,0,0,0,0,0
3936331,30,0,0,812756,0,0,0,0,8766,0,0,0,0,0
3121007,30,8725,34875,540,0,40557,0,0,0,0,0,40551,0,0
3936156,30,0,0,812581,0,0,0,0,8941,0,0,0,0,0
1096048,30,0,135726,2023136,0,0,0,0,66689,0,0,0,0,0
2636067,29,2126,518,483117,0,486,0,0,464,0,0,476,0,0
3936140,29,0,0,812565,0,0,0,0,8957,0,0,0,0,0
3936139,29,0,0,812564,0,0,0,0,8958,0,0,0,0,0
3121003,29,8721,34879,536,0,40553,0,0,0,0,0,40547,0,0
3121501,29,9219,34381,436,0,40755,0,0,0,0,0,40766,0,0
3936155,28,0,0,812580,0,0,0,0,8942,0,0,0,0,0
3943169,28,0,6818,819594,1205,0,0,0,1928,343,0,642,0,0
2026029,28,444,33400,1093155,0,447,0,0,26217,0,0,0,0,0
3120180,28,7898,35702,0,340,39730,333,0,0,0,0,39724,0,0
3121179,28,8897,34703,712,0,40729,0,0,0,0,0,40723,0,0
3936136,28,0,0,812561,0,0,0,0,8961,0,0,0,0,0
2026028,28,443,33401,1093156,0,448,0,0,26216,0,0,0,0,0
2635668,28,1727,119,483516,0,87,0,0,65,0,0,77,0,0
2636659,27,2371,1110,482525,0,1054,0,0,244,0,0,1068,0,0
3936233,27,0,0,812658,0,0,0,0,8864,0,0,0,0,0
3949339,27,0,12988,825764,0,0,0,0,1490,0,0,0,0,0
2635689,27,1748,140,483495,0,108,0,0,86,0,0,98,0,0
2636654,26,2376,1105,482530,0,1059,0,0,249,0,0,1063,0,0
3121202,26,8920,34680,735,0,40752,0,0,0,0,0,40746,0,0
1637182,26,0,7066,1482002,0,0,0,0,0,0,0,0,0,0
2635778,26,1837,229,483406,0,197,0,0,175,0,0,187,0,0
3120970,26,8688,34912,503,0,40520,0,0,0,0,0,40514,0,0
1096077,26,8,135755,2023107,0,0,0,0,66718,0,0,0,0,0
3120915,25,8633,34967,448,0,40465,0,0,0,0,0,40459,0,0
3949323,25,6,12972,825748,0,0,0,0,1506,0,0,0,0,0
1096081,25,12,135759,2023103,0,0,0,0,66722,0,0,0,0,0
3121497,25,9215,34385,440,0,40759,0,0,0,0,0,40770,0,0
2636662,25,2368,1113,482522,0,1051,0,0,241,0,0,1071,0,0
3936336,25,0,0,812761,0,0,0,0,8761,0,0,0,0,0
3949278,25,0,12927,825703,0,0,0,0,1551,0,0,0,0,0
3382597,25,1672,31384,259022,0,84196,0,36,62,0,0,1605,0,0
3121023,24,8741,34859,556,0,40573,0,0,0,0,0,40567,0,0
3122910,24,10628,32972,0,1029,39346,57,0,0,0,0,39357,0,0
2635779,24,1838,230,483405,0,198,0,0,176,0,0,188,0,0
1637318,24,22,6930,1481866,0,0,0,0,0,0,0,0,0,0
3936201,24,0,0,812626,0,0,0,0,8896,0,0,0,0,0
3120583,24,8301,35299,116,0,40133,0,0,0,0,0,40127,0,0
3949266,24,0,12915,825691,0,0,0,0,1563,0,0,0,0,0
2636638,24,2392,1089,482546,0,1057,0,0,265,0,0,1047,0,0
3949340,24,0,12989,825765,0,0,0,0,1489,0,0,0,0,0
3121697,23,9415,34185,240,0,40559,0,0,0,0,0,40570,0,0
1096088,23,19,135766,2023096,0,0,0,0,66729,0,0,0,0,0
1638139,23,300,6109,1481045,0,0,0,0,0,0,0,0,0,0
1096087,23,18,135765,2023097,0,0,0,0,66728,0,0,0,0,0
1638140,23,301,6108,1481044,0,0,0,0,0,0,0,0,0,0
1096075,23,6,135753,2023109,0,0,0,0,66716,0,0,0,0,0
2636689,23,2341,1140,482495,0,1024,0,0,214,0,0,1098,0,0
3247310,23,966,7523,123735,7523,45297,2,554,54951,0,0,45291,554,0
3247309,23,967,7522,123734,7522,45296,3,555,54950,0,0,45290,555,0
3949345,23,0,12994,825770,0,0,0,0,1484,0,0,0,0,0
3247308,23,968,7521,123733,7521,45295,4,556,54949,0,0,45289,556,0
2636273,23,2332,724,482911,0,692,0,0,630,0,0,682,0,0
3936132,22,0,0,812557,0,0,0,0,8965,0,0,0,0,0
3936334,22,0,0,812759,0,0,0,0,8763,0,0,0,0,0
3943152,22,0,6801,819577,1188,0,0,0,1945,326,0,659,0,0
1096105,21,36,135783,2023079,0,0,0,0,66746,0,0,0,0,0
2636735,21,2295,1186,482449,0,978,0,0,168,0,0,1144,0,0
2636657,21,2373,1108,482527,0,1056,0,0,246,0,0,1066,0,0
1096117,21,48,135795,2023067,0,0,0,0,66758,0,0,0,0,0
1096116,21,47,135794,2023068,0,0,0,0,66757,0,0,0,0,0
1096115,21,46,135793,2023069,0,0,0,0,66756,0,0,0,0,0
1096108,21,39,135786,2023076,0,0,0,0,66749,0,0,0,0,0
3121685,21,9403,34197,252,0,40571,0,0,0,0,0,40582,0,0
2636616,20,2414,1067,482568,0,1035,0,0,287,0,0,1025,0,0
3121200,20,8918,34682,733,0,40750,0,0,0,0,0,40744,0,0
1637233,20,0,7015,1481951,0,0,0,0,0,0,0,0,0,0
3766857,20,0,102863,643282,2656,5104,0,6,2656,0,0,0,0,0
3766858,20,0,102864,643283,2655,5105,0,7,2655,0,0,0,0,0
3936150,20,0,0,812575,0,0,0,0,8947,0,0,0,0,0
2636734,20,2296,1185,482450,0,979,0,0,169,0,0,1143,0,0
1191394,20,0,71699,1927790,22,0,0,0,12000,0,0,0,0,0
1096107,20,38,135785,2023077,0,0,0,0,66748,0,0,0,0,0
3120892,20,8610,34990,425,0,40442,0,0,0,0,0,40436,0,0
2636227,20,2286,678,482957,0,646,0,0,624,0,0,636,0,0
1096106,20,37,135784,2023078,0,0,0,0,66747,0,0,0,0,0
3949282,19,0,12931,825707,0,0,0,0,1547,0,0,0,0,0
3121467,19,9185,34415,470,0,40789,0,0,0,0,0,40800,0,0
2636812,19,2218,1263,482372,0,901,0,0,91,0,0,1221,0,0
3936131,19,0,0,812556,0,0,0,0,8966,0,0,0,0,0
1096123,19,54,135801,2023061,0,0,0,0,66764,0,0,0,0,0
1096126,19,57,135804,2023058,0,0,0,0,66767,0,0,0,0,0
3936121,19,0,0,812546,0,0,0,0,8976,0,0,0,0,0
1096128,19,59,135806,2023056,0,0,0,0,66769,0,0,0,0,0
3121190,19,8908,34692,723,0,40740,0,0,0,0,0,40734,0,0
3121154,18,8872,34728,687,0,40704,0,0,0,0,0,40698,0,0
3121735,18,9453,34147,202,0,40521,0,0,0,0,0,40532,0,0
3121107,18,8825,34775,640,0,40657,0,0,0,0,0,40651,0,0
3120968,18,8686,34914,501,0,40518,0,0,0,0,0,40512,0,0
2636821,18,2209,1272,482363,0,892,0,0,82,0,0,1230,0,0
2636752,17,2278,1203,482432,0,961,0,0,151,0,0,1161,0,0
3232758,17,15518,0,109183,0,30745,0,0,40399,0,0,30739,0,0
1779278,17,1158,116074,1339906,530,25957,525,0,2,1,1,25946,0,0
1637288,17,0,6960,1481896,0,0,0,0,0,0,0,0,0,0
1998062,17,3104,14869,1121122,0,886,0,0,521,0,0,2551,0,0
1998140,17,3026,14947,1121044,0,808,0,0,443,0,0,2473,0,0
1191415,17,0,71678,1927769,1,0,0,0,12021,0,0,0,0,0
1998121,17,3045,14928,1121063,0,827,0,0,462,0,0,2492,0,0
3121747,17,9465,34135,190,0,40509,0,0,0,0,0,40520,0,0
3121025,17,8743,34857,558,0,40575,0,0,0,0,0,40569,0,0
1637316,17,20,6932,1481868,0,0,0,0,0,0,0,0,0,0
1637322,17,26,6926,1481862,0,0,0,0,0,0,0,0,0,0
1637262,16,0,6986,1481922,0,0,0,0,0,0,0,0,0,0
1096133,16,64,135811,2023051,0,0,0,0,66774,0,0,0,0,0
3121741,16,9459,34141,196,0,40515,0,0,0,0,0,40526,0,0
3732083,16,4966,68089,608508,0,0,0,0,11114,0,0,0,0,0
1637257,16,0,6991,1481927,0,0,0,0,0,0,0,0,0,0
1637263,16,0,6985,1481921,0,0,0,0,0,0,0,0,0,0
3949265,16,0,12914,825690,0,0,0,0,1564,0,0,0,0,0
1637314,16,18,6934,1481870,0,0,0,0,0,0,0,0,0,0
1637307,16,11,6941,1481877,0,0,0,0,0,0,0,0,0,0
1637293,15,0,6955,1481891,0,0,0,0,0,0,0,0,0,0
3121463,15,9181,34419,474,0,40793,0,0,0,0,0,40804,0,0
3121489,15,9207,34393,448,0,40767,0,0,0,0,0,40778,0,0
3121130,15,8848,34752,663,0,40680,0,0,0,0,0,40674,0,0
3943156,15,0,6805,819581,1192,0,0,0,1941,330,0,655,0,0
3949346,15,0,12995,825771,0,0,0,0,1483,0,0,0,0,0
1997183,15,3983,13990,1122001,0,1765,0,0,244,0,0,3430,0,0
1997161,15,4005,13968,1122023,0,1787,0,0,266,0,0,3452,0,0
1997177,15,3989,13984,1122007,0,1771,0,0,250,0,0,3436,0,0
1096129,15,60,135807,2023055,0,0,0,0,66770,0,0,0,0,0
1096130,15,61,135808,2023054,0,0,0,0,66771,0,0,0,0,0
3120893,14,8611,34989,426,0,40443,0,0,0,0,0,40437,0,0
2635706,14,1765,157,483478,0,125,0,0,103,0,0,115,0,0
3949344,14,0,12993,825769,0,0,0,0,1485,0,0,0,0,0
1637279,14,0,6969,1481905,0,0,0,0,0,0,0,0,0,0
3949273,14,0,12922,825698,0,0,0,0,1556,0,0,0,0,0
1096135,14,66,135813,2023049,0,0,0,0,66776,0,0,0,0,0
1321729,14,11931,16076,1797455,16069,17274,2469,8336,16069,16069,16069,17273,8336,2469
3121002,13,8720,34880,535,0,40552,0,0,0,0,0,40546,0,0
1637298,13,2,6950,1481886,0,0,0,0,0,0,0,0,0,0
1637300,13,4,6948,1481884,0,0,0,0,0,0,0,0,0,0
1998299,13,2867,15106,1120885,0,649,0,0,284,0,0,2314,0,0
1983312,13,1104,119,1135872,0,134,0,0,0,0,0,0,0,0
3710381,13,9690,46387,586806,0,19009,0,0,0,0,0,18982,0,0
3933938,13,0,0,810363,0,0,0,0,11159,0,0,0,0,0
1997178,13,3988,13985,1122006,0,1770,0,0,249,0,0,3435,0,0
2636024,13,2083,475,483160,0,443,0,0,421,0,0,433,0,0
2636667,12,2363,1118,482517,0,1046,0,0,236,0,0,1076,0,0
3711644,12,8427,47650,588069,0,17746,0,0,64,0,0,17719,0,0
2636378,12,2437,829,482806,0,797,0,0,525,0,0,787,0,0
1997397,12,3769,14204,1121787,0,1551,0,0,30,0,0,3216,0,0
3936105,12,0,0,812530,0,0,0,0,8992,0,0,0,0,0
475962,12,1996,50427,2643222,0,7968,0,19751,71525,0,0,41284,0,0
475963,12,1997,50428,2643221,0,7969,0,19752,71524,0,0,41285,0,0
1191423,12,0,71670,1927761,0,0,0,0,12029,0,0,0,0,0
3732088,12,4961,68094,608513,0,0,0,0,11109,0,0,0,0,0
836461,12,0,81149,2282723,4106,0,211,0,23487,649,213,0,0,0
2636707,12,2323,1158,482477,0,1006,0,0,196,0,0,1116,0,0
836440,12,0,81170,2282744,4085,0,190,0,23466,670,192,0,0,0
836452,12,0,81158,2282732,4097,0,202,0,23478,658,204,0,0,0
836455,12,0,81155,2282729,4100,0,205,0,23481,655,207,0,0,0
3711496,12,8575,47502,587921,0,17894,0,0,212,0,0,17867,0,0
3121477,12,9195,34405,460,0,40779,0,0,0,0,0,40790,0,0
1096146,12,77,135824,2023038,0,0,0,0,66787,0,0,0,0,0
1096145,12,76,135823,2023039,0,0,0,0,66786,0,0,0,0,0
3732082,12,4967,68088,608507,0,0,0,0,11115,0,0,0,0,0
2636642,12,2388,1093,482542,0,1061,0,0,261,0,0,1051,0,0
3777542,12,1509,113548,653967,7690,1024,6455,2003,6452,2251,2158,1025,1509,1024
1637297,12,1,6951,1481887,0,0,0,0,0,0,0,0,0,0
3711629,11,8442,47635,588054,0,17761,0,0,79,0,0,17734,0,0
3711001,11,9070,47007,587426,0,18389,0,0,593,0,0,18362,0,0
1997086,11,4080,13893,1122098,0,1862,0,0,341,0,0,3527,0,0
1997168,11,3998,13975,1122016,0,1780,0,0,259,0,0,3445,0,0
1997175,11,3991,13982,1122009,0,1773,0,0,252,0,0,3438,0,0
1996350,11,4021,13157,1122834,0,2598,0,0,223,0,0,4263,0,0
1637338,11,42,6910,1481846,0,0,0,0,0,0,0,0,0,0
3711510,11,8561,47516,587935,0,17880,0,0,198,0,0,17853,0,0
2163374,11,17201,0,955810,356,62,0,0,0,0,0,0,0,0
3711092,11,8979,47098,587517,0,18298,0,0,616,0,0,18271,0,0
3121798,11,9516,34084,139,0,40458,0,0,0,0,0,40469,0,0
1637340,11,44,6908,1481844,0,0,0,0,0,0,0,0,0,0
1096148,11,79,135826,2023036,0,0,0,0,66789,0,0,0,0,0
1637329,11,33,6919,1481855,0,0,0,0,0,0,0,0,0,0
3711709,11,8362,47715,588134,0,17681,0,0,0,0,0,17654,0,0
3121209,11,8927,34673,728,0,40759,0,0,0,0,0,40753,0,0
836449,11,0,81161,2282735,4094,0,199,0,23475,661,201,0,0,0
889034,11,204,28576,2230150,0,35905,0,0,0,0,0,35916,0,0
3943173,11,0,6822,819598,1209,0,0,0,1924,347,0,638,0,0
3121744,11,9462,34138,193,0,40512,0,0,0,0,0,40523,0,0
3120876,11,8594,35006,409,0,40426,0,0,0,0,0,40420,0,0
1096143,11,74,135821,2023041,0,0,0,0,66784,0,0,0,0,0
1096152,11,83,135830,2023032,0,0,0,0,66793,0,0,0,0,0
1342095,11,8429,36442,1777089,0,2279,0,0,36435,0,0,1572,0,0
2983094,11,6531,7490,136090,0,20643,0,65,62,0,0,20654,0,0
3711013,10,9058,47019,587438,0,18377,0,0,605,0,0,18350,0,0
1788569,10,0,106783,1330615,0,35248,0,0,0,0,0,35237,0,0
338327,10,0,85684,2780857,28227,0,0,0,65373,0,0,0,0,0
1997063,10,4103,13870,1122121,0,1885,0,0,364,0,0,3550,0,0
3121096,10,8814,34786,629,0,40646,0,0,0,0,0,40640,0,0
1996489,10,4160,13296,1122695,0,2459,0,0,362,0,0,4124,0,0
1637345,10,49,6903,1481839,0,0,0,0,0,0,0,0,0,0
836423,10,0,81187,2282761,4068,0,173,0,23449,687,175,0,0,0
836468,10,0,81142,2282716,4113,0,218,0,23494,642,220,0,0,0
836472,10,0,81138,2282712,4117,0,222,0,23498,638,224,0,0,0
836473,10,0,81137,2282711,4118,0,223,0,23499,637,225,0,0,0
889035,10,205,28575,2230149,0,35904,0,0,0,0,0,35915,0,0
1637299,10,3,6949,1481885,0,0,0,0,0,0,0,0,0,0
1191452,10,0,71641,1927732,0,0,0,0,12058,0,0,0,0,0
3710984,10,9087,46990,587409,0,18406,0,0,576,0,0,18379,0,0
2636302,10,2361,753,482882,0,721,0,0,601,0,0,711,0,0
1996984,10,4182,13791,1122200,0,1964,0,0,443,0,0,3629,0,0
3949354,10,0,13003,825779,0,0,0,0,1475,0,0,0,0,0
3711007,10,9064,47013,587432,0,18383,0,0,599,0,0,18356,0,0
3711074,10,8997,47080,587499,0,18316,0,0,634,0,0,18289,0,0
2636706,9,2324,1157,482478,0,1007,0,0,197,0,0,1115,0,0
1997184,9,3982,13991,1122000,0,1764,0,0,243,0,0,3429,0,0
2636116,9,2175,567,483068,0,535,0,0,513,0,0,525,0,0
3711698,9,8373,47704,588123,0,17692,0,0,10,0,0,17665,0,0
3949272,9,0,12921,825697,0,0,0,0,1557,0,0,0,0,0
3949217,9,0,12866,825642,0,0,0,0,1612,0,0,0,0,0
1637248,9,0,7000,1481936,0,0,0,0,0,0,0,0,0,0
3121530,9,9248,34352,407,0,40726,0,0,0,0,0,40737,0,0
889033,9,203,28577,2230151,0,35906,0,0,0,0,0,35917,0,0
1997190,9,3976,13997,1121994,0,1758,0,0,237,0,0,3423,0,0
3711661,9,8410,47667,588086,0,17729,0,0,47,0,0,17702,0,0
3711159,9,8912,47165,587584,0,18231,0,0,549,0,0,18204,0,0
3711662,9,8409,47668,588087,0,17728,0,0,46,0,0,17701,0,0
1996356,9,4027,13163,1122828,0,2592,0,0,229,0,0,4257,0,0
2635775,9,1834,226,483409,0,194,0,0,172,0,0,184,0,0
3935738,9,0,0,812163,0,0,0,0,9359,0,0,0,0,0
3711361,9,8710,47367,587786,0,18029,0,0,347,0,0,18002,0,0
3711365,9,8706,47371,587790,0,18025,0,0,343,0,0,17998,0,0
2635679,9,1738,130,483505,0,98,0,0,76,0,0,88,0,0
1997079,9,4087,13886,1122105,0,1869,0,0,348,0,0,3534,0,0
1997075,9,4091,13882,1122109,0,1873,0,0,352,0,0,3538,0,0
3711061,9,9010,47067,587486,0,18329,0,0,647,0,0,18302,0,0
3949283,9,0,12932,825708,0,0,0,0,1546,0,0,0,0,0
3121728,9,9446,34154,209,0,40528,0,0,0,0,0,40539,0,0
1788573,9,0,106779,1330611,0,35252,0,0,0,0,0,35241,0,0
2636731,9,2299,1182,482453,0,982,0,0,172,0,0,1140,0,0
1789696,8,1117,105656,1329488,0,36375,0,10,0,0,0,36364,0,0
2636156,8,2215,607,483028,0,575,0,0,553,0,0,565,0,0
3711653,8,8418,47659,588078,0,17737,0,0,55,0,0,17710,0,0
3934612,8,0,10,811037,0,0,0,0,10485,0,0,0,0,0
3711695,8,8376,47701,588120,0,17695,0,0,13,0,0,17668,0,0
3934534,8,0,0,810959,0,0,0,0,10563,0,0,0,0,0
3711508,8,8563,47514,587933,0,17882,0,0,200,0,0,17855,0,0
1637347,8,51,6901,1481837,0,0,0,0,0,0,0,0,0,0
3121556,8,9274,34326,381,0,40700,0,0,0,0,0,40711,0,0
2636719,8,2311,1170,482465,0,994,0,0,184,0,0,1128,0,0
3934576,8,0,0,811001,0,0,0,0,10521,0,0,0,0,0
2636617,8,2413,1068,482567,0,1036,0,0,286,0,0,1026,0,0
3711012,8,9059,47018,587437,0,18378,0,0,604,0,0,18351,0,0
2636712,8,2318,1163,482472,0,1001,0,0,191,0,0,1121,0,0
3711632,8,8439,47638,588057,0,17758,0,0,76,0,0,17731,0,0
3711473,8,8598,47479,587898,0,17917,0,0,235,0,0,17890,0,0
3121807,8,9525,34075,130,0,40449,0,0,0,0,0,40460,0,0
3711308,8,8763,47314,587733,0,18082,0,0,400,0,0,18055,0,0
3710969,8,9102,46975,587394,0,18421,0,0,561,0,0,18394,0,0
3934594,7,0,0,811019,0,0,0,0,10503,0,0,0,0,0
1997166,7,4000,13973,1122018,0,1782,0,0,261,0,0,3447,0,0
1789508,7,929,105844,1329676,0,36187,0,0,0,0,0,36176,0,0
3934567,7,0,0,810992,0,0,0,0,10530,0,0,0,0,0
3934568,7,0,0,810993,0,0,0,0,10529,0,0,0,0,0
2636379,7,2438,830,482805,0,798,0,0,524,0,0,788,0,0
836405,7,0,81205,2282779,4050,0,155,0,23431,705,157,0,0,0
3121306,7,9024,34576,631,0,40856,0,0,0,0,0,40850,0,0
1637574,7,0,6674,1481610,0,0,0,0,0,0,0,0,0,0
1789016,7,437,106336,1330168,0,35695,0,0,0,0,0,35684,0,0
3552711,7,7278,41575,429136,0,23560,0,0,0,0,0,23549,0,0
2635768,7,1827,219,483416,0,187,0,0,165,0,0,177,0,0
1789009,7,430,106343,1330175,0,35688,0,0,0,0,0,35677,0,0
3711708,7,8363,47714,588133,0,17682,0,0,0,0,0,17655,0,0
3934627,7,6,25,811052,0,0,0,0,10470,0,0,0,0,0
1996848,7,4318,13655,1122336,0,2100,0,0,579,0,0,3765,0,0
2635673,7,1732,124,483511,0,92,0,0,70,0,0,82,0,0
1788612,7,33,106740,1330572,0,35291,0,0,0,0,0,35280,0,0
580771,7,3633,0,2538413,0,42009,0,0,0,0,0,36042,0,0
1997087,7,4079,13894,1122097,0,1861,0,0,340,0,0,3526,0,0
3710422,7,9649,46428,586847,0,18968,0,0,14,0,0,18941,0,0
3732079,7,4970,68085,608504,0,0,0,0,11118,0,0,0,0,0
3934606,7,0,4,811031,0,0,0,0,10491,0,0,0,0,0
3934605,7,0,3,811030,0,0,0,0,10492,0,0,0,0,0
1789506,7,927,105846,1329678,0,36185,0,0,0,0,0,36174,0,0
1789013,7,434,106339,1330171,0,35692,0,0,0,0,0,35681,0,0
3934660,7,2,58,811085,0,0,0,0,10437,0,0,0,0,0
3934662,7,0,60,811087,0,0,0,0,10435,0,0,0,0,0
3934603,7,0,1,811028,0,0,0,0,10494,0,0,0,0,0
3943164,7,0,6813,819589,1200,0,0,0,1933,338,0,647,0,0
3934504,7,0,0,810929,0,0,0,0,10593,0,0,0,0,0
3711623,7,8448,47629,588048,0,17767,0,0,85,0,0,17740,0,0
3895157,7,10287,38234,771582,0,253,22,3022,3025,0,0,0,0,0
2531963,7,4661,0,587221,0,68754,0,0,0,0,0,68767,0,0
1789536,7,957,105816,1329648,0,36215,0,0,0,0,0,36204,0,0
3121805,7,9523,34077,132,0,40451,0,0,0,0,0,40462,0,0
1789539,7,960,105813,1329645,0,36218,0,0,0,0,0,36207,0,0
3895158,7,10288,38233,771583,0,254,23,3023,3026,0,0,0,0,0
1789558,7,979,105794,1329626,0,36237,0,0,0,0,0,36226,0,0
3711599,7,8472,47605,588024,0,17791,0,0,109,0,0,17764,0,0
3895150,7,10280,38241,771575,0,246,15,3015,3018,0,0,0,0,0
1789533,7,954,105819,1329651,0,36212,0,0,0,0,0,36201,0,0
3895149,7,10279,38242,771574,0,245,14,3014,3017,0,0,0,0,0
1789677,7,1098,105675,1329507,0,36356,0,0,0,0,0,36345,0,0
3949275,7,0,12924,825700,0,0,0,0,1554,0,0,0,0,0
3710990,7,9081,46996,587415,0,18400,0,0,582,0,0,18373,0,0
1789670,7,1091,105682,1329514,0,36349,0,0,0,0,0,36338,0,0
3710895,7,9176,46901,587320,0,18495,0,0,487,0,0,18468,0,0
3711156,7,8915,47162,587581,0,18234,0,0,552,0,0,18207,0,0
3711530,7,8541,47536,587955,0,17860,0,0,178,0,0,17833,0,0
1789534,7,955,105818,1329650,0,36213,0,0,0,0,0,36202,0,0
3934473,7,0,0,810898,0,0,0,0,10624,0,0,0,0,0
3710437,7,9634,46443,586862,0,18953,0,0,29,0,0,18926,0,0
1789515,7,936,105837,1329669,0,36194,0,0,0,0,0,36183,0,0
837505,7,0,80105,2281679,4514,0,402,0,24531,0,0,0,0,0
837507,7,0,80103,2281677,4512,0,400,0,24533,0,0,0,0,0
3711499,7,8572,47505,587924,0,17891,0,0,209,0,0,17864,0,0
3934546,7,0,0,810971,0,0,0,0,10551,0,0,0,0,0
1789518,7,939,105834,1329666,0,36197,0,0,0,0,0,36186,0,0
1789524,7,945,105828,1329660,0,36203,0,0,0,0,0,36192,0,0
1637575,7,0,6673,1481609,0,0,0,0,0,0,0,0,0,0
3711051,7,9020,47057,587476,0,18339,0,0,643,0,0,18312,0,0
1789527,7,948,105825,1329657,0,36206,0,0,0,0,0,36195,0,0
3936108,6,0,0,812533,0,0,0,0,8989,0,0,0,0,0
3710842,6,9229,46848,587267,0,18548,0,0,434,0,0,18521,0,0
338328,6,0,85683,2780856,28228,0,0,0,65374,0,0,0,0,0
3710436,6,9635,46442,586861,0,18954,0,0,28,0,0,18927,0,0
3711071,6,9000,47077,587496,0,18319,0,0,637,0,0,18292,0,0
3949213,6,0,12862,825638,0,0,0,0,1616,0,0,0,0,0
3949319,6,10,12968,825744,0,0,0,0,1510,0,0,0,0,0
3710809,6,9262,46815,587234,0,18581,0,0,401,0,0,18554,0,0
3943163,6,0,6812,819588,1199,0,0,0,1934,337,0,648,0,0
3943159,6,0,6808,819584,1195,0,0,0,1938,333,0,652,0,0
2262408,6,28156,84999,856776,0,35358,0,0,65059,0,0,34489,0,0
3934653,6,9,51,811078,0,0,0,0,10444,0,0,0,0,0
3711068,6,9003,47074,587493,0,18322,0,0,640,0,0,18295,0,0
338329,6,0,85682,2780855,28229,0,0,0,65375,0,0,0,0,0
1997096,6,4070,13903,1122088,0,1852,0,0,331,0,0,3517,0,0
334640,6,12,89371,2784544,24540,0,0,0,61686,0,0,1919,0,0
3711018,6,9053,47024,587443,0,18372,0,0,610,0,0,18345,0,0
3934652,6,10,50,811077,0,0,0,0,10445,0,0,0,0,0
3883826,6,952,49565,760251,0,10284,0,0,0,797,0,10266,0,0
3711482,6,8589,47488,587907,0,17908,0,0,226,0,0,17881,0,0
3711488,6,8583,47494,587913,0,17902,0,0,220,0,0,17875,0,0
3934537,6,0,0,810962,0,0,0,0,10560,0,0,0,0,0
3883808,6,970,49583,760233,0,10302,0,0,0,815,0,10284,0,0
3934524,6,0,0,810949,0,0,0,0,10573,0,0,0,0,0
1789567,6,988,105785,1329617,0,36246,0,0,0,0,0,36235,0,0
3934472,6,0,0,810897,0,0,0,0,10625,0,0,0,0,0
3883820,6,958,49571,760245,0,10290,0,0,0,803,0,10272,0,0
3883823,6,955,49568,760248,0,10287,0,0,0,800,0,10269,0,0
2636009,6,2068,460,483175,0,428,0,0,406,0,0,418,0,0
1996415,6,4086,13222,1122769,0,2533,0,0,288,0,0,4198,0,0
3710411,6,9660,46417,586836,0,18979,0,0,3,0,0,18952,0,0
3883832,6,946,49559,760257,0,10278,0,0,0,791,0,10260,0,0
3121567,6,9285,34315,370,0,40689,0,0,0,0,0,40700,0,0
3883835,6,943,49556,760260,0,10275,0,0,0,788,0,10257,0,0
1094109,6,135,133787,2025075,0,0,0,0,64750,0,0,0,0,0
3934140,6,0,0,810565,0,0,0,0,10957,0,0,0,0,0
3711027,6,9044,47033,587452,0,18363,0,0,619,0,0,18336,0,0
3711590,6,8481,47596,588015,0,17800,0,0,118,0,0,17773,0,0
1789674,6,1095,105678,1329510,0,36353,0,0,0,0,0,36342,0,0
3934579,6,0,0,811004,0,0,0,0,10518,0,0,0,0,0
3711467,6,8604,47473,587892,0,17923,0,0,241,0,0,17896,0,0
3847234,6,4618,86157,723659,0,43390,0,21,36315,0,0,0,0,0
1637254,6,0,6994,1481930,0,0,0,0,0,0,0,0,0,0
3934629,6,8,27,811054,0,0,0,0,10468,0,0,0,0,0
2635675,6,1734,126,483509,0,94,0,0,72,0,0,84,0,0
2635678,6,1737,129,483506,0,97,0,0,75,0,0,87,0,0
3934624,6,3,22,811049,0,0,0,0,10473,0,0,0,0,0
3934623,6,2,21,811048,0,0,0,0,10474,0,0,0,0,0
1637619,6,0,6629,1481565,0,0,0,0,0,0,0,0,0,0
3934621,6,0,19,811046,0,0,0,0,10476,0,0,0,0,0
1637641,6,4,6607,1481543,0,0,0,0,0,0,0,0,0,0
2635695,6,1754,146,483489,0,114,0,0,92,0,0,104,0,0
3883841,6,937,49550,760266,0,10269,0,0,0,782,0,10251,0,0
3711669,6,8402,47675,588094,0,17721,0,0,39,0,0,17694,0,0
3934604,6,0,2,811029,0,0,0,0,10493,0,0,0,0,0
3711663,6,8408,47669,588088,0,17727,0,0,45,0,0,17700,0,0
2636650,6,2380,1101,482534,0,1063,0,0,253,0,0,1059,0,0
3121936,6,9654,33946,1,55,40320,50,0,0,0,0,40331,0,0
3934596,6,0,0,811021,0,0,0,0,10501,0,0,0,0,0
2636691,6,2339,1142,482493,0,1022,0,0,212,0,0,1100,0,0
3934595,6,0,0,811020,0,0,0,0,10502,0,0,0,0,0
3710857,5,9214,46863,587282,0,18533,0,0,449,0,0,18506,0,0
2636646,5,2384,1097,482538,0,1065,0,0,257,0,0,1055,0,0
3710917,5,9154,46923,587342,0,18473,0,0,509,0,0,18446,0,0
3710882,5,9189,46888,587307,0,18508,0,0,474,0,0,18481,0,0
3710994,5,9077,47000,587419,0,18396,0,0,586,0,0,18369,0,0
2636493,5,2537,944,482691,0,912,0,0,410,0,0,902,0,0
2306278,5,661,41129,812906,0,37458,0,169,23868,0,0,61080,0,0
2636179,5,2238,630,483005,0,598,0,0,576,0,0,588,0,0
3121013,5,8731,34869,546,0,40563,0,0,0,0,0,40557,0,0
3710421,5,9650,46427,586846,0,18969,0,0,13,0,0,18942,0,0
3121158,5,8876,34724,691,0,40708,0,0,0,0,0,40702,0,0
3710403,5,9668,46409,586828,0,18987,0,0,0,0,0,18960,0,0
3501655,5,8160,92631,378080,9736,0,499,321,18934,18896,9736,0,321,0
3501651,5,8164,92635,378076,9732,0,503,317,18930,18892,9732,0,317,0
3121155,5,8873,34727,688,0,40705,0,0,0,0,0,40699,0,0
2829293,5,6649,161291,289891,0,6477,0,0,22669,0,0,6491,0,0
3501615,5,8200,92671,378040,9696,0,539,281,18894,18856,9696,0,281,0
3121123,5,8841,34759,656,0,40673,0,0,0,0,0,40667,0,0
3501610,5,8205,92676,378035,9691,0,544,276,18889,18851,9691,0,276,0
3482431,5,18853,111855,358856,0,15343,0,0,276,0,0,8044,0,0
3710814,5,9257,46820,587239,0,18576,0,0,406,0,0,18549,0,0
3710451,5,9620,46457,586876,0,18939,0,0,43,0,0,18912,0,0
2944768,5,165,45816,174416,0,0,0,0,27337,0,0,0,0,0
2944772,5,169,45812,174412,0,0,0,0,27333,0,0,0,0,0
2635570,5,1629,21,483614,4,0,0,0,6,0,0,0,0,0
2635565,5,1624,16,483619,9,0,2,0,11,0,0,0,0,0
2306277,5,660,41130,812907,0,37459,0,170,23869,0,0,61081,0,0
2306276,5,659,41131,812908,0,37460,0,171,23870,0,0,61082,0,0
2306275,5,658,41132,812909,0,37461,0,172,23871,0,0,61083,0,0
2636041,5,2100,492,483143,0,460,0,0,438,0,0,450,0,0
3710810,5,9261,46816,587235,0,18580,0,0,402,0,0,18553,0,0
3501604,5,8211,92682,378029,9685,0,550,270,18883,18845,9685,0,270,0
3711549,5,8522,47555,587974,0,17841,0,0,159,0,0,17814,0,0
3949222,5,0,12871,825647,0,0,0,0,1607,0,0,0,0,0
3883853,5,925,49538,760278,0,10257,0,0,0,770,0,10239,0,0
1789563,5,984,105789,1329621,0,36242,0,0,0,0,0,36231,0,0
1096156,5,87,135834,2023028,0,0,0,0,66797,0,0,0,0,0
1789551,5,972,105801,1329633,0,36230,0,0,0,0,0,36219,0,0
3934477,5,0,0,810902,0,0,0,0,10620,0,0,0,0,0
3949211,5,0,12860,825636,0,0,0,0,1618,0,0,0,0,0
3711198,5,8873,47204,587623,0,18192,0,0,510,0,0,18165,0,0
3883851,5,927,49540,760276,0,10259,0,0,0,772,0,10241,0,0
3935961,5,0,0,812386,0,0,0,0,9136,0,0,0,0,0
3711630,5,8441,47636,588055,0,17760,0,0,78,0,0,17733,0,0
3883825,5,953,49566,760250,0,10285,0,0,0,798,0,10267,0,0
3711649,5,8422,47655,588074,0,17741,0,0,59,0,0,17714,0,0
1996863,5,4303,13670,1122321,0,2085,0,0,564,0,0,3750,0,0
3711442,5,8629,47448,587867,0,17948,0,0,266,0,0,17921,0,0
3711197,5,8874,47203,587622,0,18193,0,0,511,0,0,18166,0,0
1789572,5,993,105780,1329612,0,36251,0,0,0,0,0,36240,0,0
1789590,5,1011,105762,1329594,0,36269,0,0,0,0,0,36258,0,0
1789592,5,1013,105760,1329592,0,36271,0,0,0,0,0,36260,0,0
3711258,5,8813,47264,587683,0,18132,0,0,450,0,0,18105,0,0
3949310,5,2,12959,825735,0,0,0,0,1519,0,0,0,0,0
3760798,5,5946,96804,637223,6438,0,0,6053,8715,0,0,0,5946,0
3711079,5,8992,47085,587504,0,18311,0,0,629,0,0,18284,0,0
3760834,5,5910,96840,637259,6474,0,0,6017,8679,0,0,0,5910,0
1997196,5,3970,14003,1121988,0,1752,0,0,231,0,0,3417,0,0
3934496,5,0,0,810921,0,0,0,0,10601,0,0,0,0,0
3711521,5,8550,47527,587946,0,17869,0,0,187,0,0,17842,0,0
3711658,5,8413,47664,588083,0,17732,0,0,50,0,0,17705,0,0
3711517,5,8554,47523,587942,0,17873,0,0,191,0,0,17846,0,0
3711422,5,8649,47428,587847,0,17968,0,0,286,0,0,17941,0,0
3711245,5,8826,47251,587670,0,18145,0,0,463,0,0,18118,0,0
3711368,5,8703,47374,587793,0,18022,0,0,340,0,0,17995,0,0
